delete from staff_fi;
delete from staff_isfpp;
delete from staff_proyecto;
delete from usuario;
delete from practicantes;
delete from demandantes;
delete from domicilio;
delete from datos_contacto;
delete from identificador;
delete from persona_contacto;
delete from persona; 
delete from isfpp;
delete from sub_proyecto;
delete from proyecto;


insert into persona (tipo,idPersona, nombre) values ('PF',1, 'Normand');
insert into persona (tipo,idPersona, nombre) values ('PF',2, 'Benyamin');
insert into persona (tipo,idPersona, nombre) values ('PF',3, 'Dave');
insert into persona (tipo,idPersona, nombre) values ('PF',4, 'Sidney');
insert into persona (tipo,idPersona, nombre) values ('PF',5, 'Jakob');
insert into persona (tipo,idPersona, nombre) values ('PF',6, 'Hilly');
insert into persona (tipo,idPersona, nombre) values ('PF',7, 'Leonard');
insert into persona (tipo,idPersona, nombre) values ('PF',8, 'Ingra');
insert into persona (tipo,idPersona, nombre) values ('PF',9, 'Phil');
insert into persona (tipo,idPersona, nombre) values ('PF',10, 'Aguie');
insert into persona (tipo,idPersona, nombre) values ('PF',11, 'Daniel');
insert into persona (tipo,idPersona, nombre) values ('PF',12, 'Adolphus');
insert into persona (tipo,idPersona, nombre) values ('PF',13, 'Marcello');
insert into persona (tipo,idPersona, nombre) values ('PF',14, 'Marlow');
insert into persona (tipo,idPersona, nombre) values ('PF',15, 'Chane');
insert into persona (tipo,idPersona, nombre) values ('PF',16, 'Tibold');
insert into persona (tipo,idPersona, nombre) values ('PF',17, 'Erick');
insert into persona (tipo,idPersona, nombre) values ('PF',18, 'Vernor');
insert into persona (tipo,idPersona, nombre) values ('PF',19, 'Yorgo');
insert into persona (tipo,idPersona, nombre) values ('PF',20, 'Guy');
insert into persona (tipo,idPersona, nombre) values ('PF',21, 'Svend');
insert into persona (tipo,idPersona, nombre) values ('PF',22, 'Floyd');
insert into persona (tipo,idPersona, nombre) values ('PF',23, 'Darbee');
insert into persona (tipo,idPersona, nombre) values ('PF',24, 'Yehudit');
insert into persona (tipo,idPersona, nombre) values ('PF',25, 'Seumas');
insert into persona (tipo,idPersona, nombre) values ('PF',26, 'Lawry');
insert into persona (tipo,idPersona, nombre) values ('PF',27, 'Salomo');
insert into persona (tipo,idPersona, nombre) values ('PF',28, 'Fitzgerald');
insert into persona (tipo,idPersona, nombre) values ('PF',29, 'Mathian');
insert into persona (tipo,idPersona, nombre) values ('PF',30, 'Kayne');
insert into persona (tipo,idPersona, nombre) values ('PF',31, 'Walker');
insert into persona (tipo,idPersona, nombre) values ('PF',32, 'Grady');
insert into persona (tipo,idPersona, nombre) values ('PF',33, 'Brennen');
insert into persona (tipo,idPersona, nombre) values ('PF',34, 'Christos');
insert into persona (tipo,idPersona, nombre) values ('PF',35, 'Kaiser');
insert into persona (tipo,idPersona, nombre) values ('PF',36, 'Samuele');
insert into persona (tipo,idPersona, nombre) values ('PF',37, 'Ignazio');
insert into persona (tipo,idPersona, nombre) values ('PF',38, 'Jerald');
insert into persona (tipo,idPersona, nombre) values ('PF',39, 'Ali');
insert into persona (tipo,idPersona, nombre) values ('PF',40, 'Cris');
insert into persona (tipo,idPersona, nombre) values ('PF',41, 'Leif');
insert into persona (tipo,idPersona, nombre) values ('PF',42, 'Tibold');
insert into persona (tipo,idPersona, nombre) values ('PF',43, 'Arel');
insert into persona (tipo,idPersona, nombre) values ('PF',44, 'Rory');
insert into persona (tipo,idPersona, nombre) values ('PF',45, 'Wildon');
insert into persona (tipo,idPersona, nombre) values ('PF',46, 'Geoff');
insert into persona (tipo,idPersona, nombre) values ('PF',47, 'Quill');
insert into persona (tipo,idPersona, nombre) values ('PF',48, 'Farrell');
insert into persona (tipo,idPersona, nombre) values ('PF',49, 'Loydie');
insert into persona (tipo,idPersona, nombre) values ('PF',50, 'Robbie');
insert into persona (tipo,idPersona, nombre) values ('PF',51, 'Doyle');
insert into persona (tipo,idPersona, nombre) values ('PF',52, 'Ricardo');
insert into persona (tipo,idPersona, nombre) values ('PF',53, 'Harcourt');
insert into persona (tipo,idPersona, nombre) values ('PF',54, 'Thom');
insert into persona (tipo,idPersona, nombre) values ('PF',55, 'Dean');
insert into persona (tipo,idPersona, nombre) values ('PF',56, 'Gaby');
insert into persona (tipo,idPersona, nombre) values ('PF',57, 'Archie');
insert into persona (tipo,idPersona, nombre) values ('PF',58, 'Jayme');
insert into persona (tipo,idPersona, nombre) values ('PF',59, 'Malchy');
insert into persona (tipo,idPersona, nombre) values ('PF',60, 'Gerek');
insert into persona (tipo,idPersona, nombre) values ('PF',61, 'Thornton');
insert into persona (tipo,idPersona, nombre) values ('PF',62, 'Brandtr');
insert into persona (tipo,idPersona, nombre) values ('PF',63, 'Rem');
insert into persona (tipo,idPersona, nombre) values ('PF',64, 'Frans');
insert into persona (tipo,idPersona, nombre) values ('PF',65, 'Cully');
insert into persona (tipo,idPersona, nombre) values ('PF',66, 'Bern');
insert into persona (tipo,idPersona, nombre) values ('PF',67, 'Ailbert');
insert into persona (tipo,idPersona, nombre) values ('PF',68, 'Ganny');
insert into persona (tipo,idPersona, nombre) values ('PF',69, 'Leigh');
insert into persona (tipo,idPersona, nombre) values ('PF',70, 'Averill');
insert into persona (tipo,idPersona, nombre) values ('PF',71, 'Marion');
insert into persona (tipo,idPersona, nombre) values ('PF',72, 'Pietrek');
insert into persona (tipo,idPersona, nombre) values ('PF',73, 'Alasteir');
insert into persona (tipo,idPersona, nombre) values ('PF',74, 'Nolan');
insert into persona (tipo,idPersona, nombre) values ('PF',75, 'Clayton');
insert into persona (tipo,idPersona, nombre) values ('PF',76, 'Alvin');
insert into persona (tipo,idPersona, nombre) values ('PF',77, 'Byran');
insert into persona (tipo,idPersona, nombre) values ('PF',78, 'Zolly');
insert into persona (tipo,idPersona, nombre) values ('PF',79, 'Wilhelm');
insert into persona (tipo,idPersona, nombre) values ('PF',80, 'Parrnell');
insert into persona (tipo,idPersona, nombre) values ('PF',81, 'Bob');
insert into persona (tipo,idPersona, nombre) values ('PF',82, 'Huntley');
insert into persona (tipo,idPersona, nombre) values ('PF',83, 'Randolf');
insert into persona (tipo,idPersona, nombre) values ('PF',84, 'Kimbell');
insert into persona (tipo,idPersona, nombre) values ('PF',85, 'Torin');
insert into persona (tipo,idPersona, nombre) values ('PF',86, 'Aldo');
insert into persona (tipo,idPersona, nombre) values ('PF',87, 'Horatio');
insert into persona (tipo,idPersona, nombre) values ('PF',88, 'Roderigo');
insert into persona (tipo,idPersona, nombre) values ('PF',89, 'Prentice');
insert into persona (tipo,idPersona, nombre) values ('PF',90, 'Quincey');
insert into persona (tipo,idPersona, nombre) values ('PF',91, 'Son');
insert into persona (tipo,idPersona, nombre) values ('PF',92, 'Jose');
insert into persona (tipo,idPersona, nombre) values ('PF',93, 'Elwyn');
insert into persona (tipo,idPersona, nombre) values ('PF',94, 'Kelsey');
insert into persona (tipo,idPersona, nombre) values ('PF',95, 'Ram');
insert into persona (tipo,idPersona, nombre) values ('PF',96, 'Dmitri');
insert into persona (tipo,idPersona, nombre) values ('PF',97, 'Haven');
insert into persona (tipo,idPersona, nombre) values ('PF',98, 'Blayne');
insert into persona (tipo,idPersona, nombre) values ('PF',99, 'Dore');
insert into persona (tipo,idPersona, nombre) values ('PF',100, 'Barny');
insert into persona (tipo,idPersona, nombre) values ('PF',101, 'Gawen');
insert into persona (tipo,idPersona, nombre) values ('PF',102, 'Amerigo');
insert into persona (tipo,idPersona, nombre) values ('PF',103, 'Willem');
insert into persona (tipo,idPersona, nombre) values ('PF',104, 'Derril');
insert into persona (tipo,idPersona, nombre) values ('PF',105, 'Derron');
insert into persona (tipo,idPersona, nombre) values ('PF',106, 'Bjorn');
insert into persona (tipo,idPersona, nombre) values ('PF',107, 'Mick');
insert into persona (tipo,idPersona, nombre) values ('PF',108, 'Hadrian');
insert into persona (tipo,idPersona, nombre) values ('PF',109, 'Ryon');
insert into persona (tipo,idPersona, nombre) values ('PF',110, 'Ogdon');
insert into persona (tipo,idPersona, nombre) values ('PF',111, 'Franciskus');
insert into persona (tipo,idPersona, nombre) values ('PF',112, 'Mayne');
insert into persona (tipo,idPersona, nombre) values ('PF',113, 'Lauritz');
insert into persona (tipo,idPersona, nombre) values ('PF',114, 'Rog');
insert into persona (tipo,idPersona, nombre) values ('PF',115, 'Archibaldo');
insert into persona (tipo,idPersona, nombre) values ('PF',116, 'Hansiain');
insert into persona (tipo,idPersona, nombre) values ('PF',117, 'Tulley');
insert into persona (tipo,idPersona, nombre) values ('PF',118, 'Micheil');
insert into persona (tipo,idPersona, nombre) values ('PF',119, 'Connor');
insert into persona (tipo,idPersona, nombre) values ('PF',120, 'Carleton');
insert into persona (tipo,idPersona, nombre) values ('PF',121, 'Leonhard');
insert into persona (tipo,idPersona, nombre) values ('PF',122, 'Rance');
insert into persona (tipo,idPersona, nombre) values ('PF',123, 'Harald');
insert into persona (tipo,idPersona, nombre) values ('PF',124, 'Isiahi');
insert into persona (tipo,idPersona, nombre) values ('PF',125, 'York');
insert into persona (tipo,idPersona, nombre) values ('PF',126, 'Bail');
insert into persona (tipo,idPersona, nombre) values ('PF',127, 'Hughie');
insert into persona (tipo,idPersona, nombre) values ('PF',128, 'Hurley');
insert into persona (tipo,idPersona, nombre) values ('PF',129, 'Lanie');
insert into persona (tipo,idPersona, nombre) values ('PF',130, 'Fitz');
insert into persona (tipo,idPersona, nombre) values ('PF',131, 'Lock');
insert into persona (tipo,idPersona, nombre) values ('PF',132, 'Ilaire');
insert into persona (tipo,idPersona, nombre) values ('PF',133, 'Garek');
insert into persona (tipo,idPersona, nombre) values ('PF',134, 'Jimmy');
insert into persona (tipo,idPersona, nombre) values ('PF',135, 'Kenton');
insert into persona (tipo,idPersona, nombre) values ('PF',136, 'Jimmy');
insert into persona (tipo,idPersona, nombre) values ('PF',137, 'Martin');
insert into persona (tipo,idPersona, nombre) values ('PF',138, 'Benedick');
insert into persona (tipo,idPersona, nombre) values ('PF',139, 'Ruddie');
insert into persona (tipo,idPersona, nombre) values ('PF',140, 'Fergus');
insert into persona (tipo,idPersona, nombre) values ('PF',141, 'Alasteir');
insert into persona (tipo,idPersona, nombre) values ('PF',142, 'Francisco');
insert into persona (tipo,idPersona, nombre) values ('PF',143, 'Troy');
insert into persona (tipo,idPersona, nombre) values ('PF',144, 'Bartolomeo');
insert into persona (tipo,idPersona, nombre) values ('PF',145, 'Ulrich');
insert into persona (tipo,idPersona, nombre) values ('PF',146, 'Wakefield');
insert into persona (tipo,idPersona, nombre) values ('PF',147, 'Alley');
insert into persona (tipo,idPersona, nombre) values ('PF',148, 'Benedict');
insert into persona (tipo,idPersona, nombre) values ('PF',149, 'Arthur');
insert into persona (tipo,idPersona, nombre) values ('PF',150, 'Onfroi');
insert into persona (tipo,idPersona, nombre) values ('PF',151, 'Carney');
insert into persona (tipo,idPersona, nombre) values ('PF',152, 'Currey');
insert into persona (tipo,idPersona, nombre) values ('PF',153, 'Park');
insert into persona (tipo,idPersona, nombre) values ('PF',154, 'Kippar');
insert into persona (tipo,idPersona, nombre) values ('PF',155, 'Rory');
insert into persona (tipo,idPersona, nombre) values ('PF',156, 'Raffarty');
insert into persona (tipo,idPersona, nombre) values ('PF',157, 'Levey');
insert into persona (tipo,idPersona, nombre) values ('PF',158, 'Torr');
insert into persona (tipo,idPersona, nombre) values ('PF',159, 'Brigham');
insert into persona (tipo,idPersona, nombre) values ('PF',160, 'Antonio');
insert into persona (tipo,idPersona, nombre) values ('PF',161, 'Farlie');
insert into persona (tipo,idPersona, nombre) values ('PF',162, 'Dean');
insert into persona (tipo,idPersona, nombre) values ('PF',163, 'Verge');
insert into persona (tipo,idPersona, nombre) values ('PF',164, 'Onfroi');
insert into persona (tipo,idPersona, nombre) values ('PF',165, 'Winston');
insert into persona (tipo,idPersona, nombre) values ('PF',166, 'Eduard');
insert into persona (tipo,idPersona, nombre) values ('PF',167, 'Justinian');
insert into persona (tipo,idPersona, nombre) values ('PF',168, 'Emlen');
insert into persona (tipo,idPersona, nombre) values ('PF',169, 'Victor');
insert into persona (tipo,idPersona, nombre) values ('PF',170, 'Jeromy');
insert into persona (tipo,idPersona, nombre) values ('PF',171, 'Bevin');
insert into persona (tipo,idPersona, nombre) values ('PF',172, 'Ignatius');
insert into persona (tipo,idPersona, nombre) values ('PF',173, 'Fletch');
insert into persona (tipo,idPersona, nombre) values ('PF',174, 'Guthrey');
insert into persona (tipo,idPersona, nombre) values ('PF',175, 'Alasteir');
insert into persona (tipo,idPersona, nombre) values ('PF',176, 'Egan');
insert into persona (tipo,idPersona, nombre) values ('PF',177, 'Skylar');
insert into persona (tipo,idPersona, nombre) values ('PF',178, 'Lon');
insert into persona (tipo,idPersona, nombre) values ('PF',179, 'Colin');
insert into persona (tipo,idPersona, nombre) values ('PF',180, 'Winn');
insert into persona (tipo,idPersona, nombre) values ('PF',181, 'Sylvan');
insert into persona (tipo,idPersona, nombre) values ('PF',182, 'Ulberto');
insert into persona (tipo,idPersona, nombre) values ('PF',183, 'Maddie');
insert into persona (tipo,idPersona, nombre) values ('PF',184, 'Sigmund');
insert into persona (tipo,idPersona, nombre) values ('PF',185, 'Tracy');
insert into persona (tipo,idPersona, nombre) values ('PF',186, 'Arnold');
insert into persona (tipo,idPersona, nombre) values ('PF',187, 'Ermanno');
insert into persona (tipo,idPersona, nombre) values ('PF',188, 'Thibaut');
insert into persona (tipo,idPersona, nombre) values ('PF',189, 'Norbert');
insert into persona (tipo,idPersona, nombre) values ('PF',190, 'Derrick');
insert into persona (tipo,idPersona, nombre) values ('PF',191, 'Webster');
insert into persona (tipo,idPersona, nombre) values ('PF',192, 'Leon');
insert into persona (tipo,idPersona, nombre) values ('PF',193, 'Dennis');
insert into persona (tipo,idPersona, nombre) values ('PF',194, 'Olag');
insert into persona (tipo,idPersona, nombre) values ('PF',195, 'Rafi');
insert into persona (tipo,idPersona, nombre) values ('PF',196, 'Gil');
insert into persona (tipo,idPersona, nombre) values ('PF',197, 'Waylan');
insert into persona (tipo,idPersona, nombre) values ('PF',198, 'Bev');
insert into persona (tipo,idPersona, nombre) values ('PF',199, 'Tristan');
insert into persona (tipo,idPersona, nombre) values ('PF',200, 'Lawton');


insert into staff_fi (id, rol, desde, hasta, personaId) values (1, 'PROFESOR', '2016-04-20', '2019-04-20', 192);
insert into staff_fi (id, rol, desde, hasta, personaId) values (2, 'PROFESOR', '2016-04-20', '2019-04-20', 158);
insert into staff_fi (id, rol, desde, hasta, personaId) values (3, 'PROFESOR', '2016-04-20', '2019-04-20', 137);
insert into staff_fi (id, rol, desde, hasta, personaId) values (4, 'PROFESOR', '2016-04-20', '2019-04-20', 79);
insert into staff_fi (id, rol, desde, hasta, personaId) values (5, 'PROFESOR', '2016-04-20', '2019-04-20', 187);
insert into staff_fi (id, rol, desde, hasta, personaId) values (6, 'PROFESOR', '2016-04-20', '2019-04-20', 103);
insert into staff_fi (id, rol, desde, hasta, personaId) values (7, 'PROFESOR', '2016-04-20', '2019-04-20', 24);
insert into staff_fi (id, rol, desde, hasta, personaId) values (8, 'PROFESOR', '2016-04-20', '2019-04-20', 58);
insert into staff_fi (id, rol, desde, hasta, personaId) values (9, 'PROFESOR', '2016-04-20', '2019-04-20', 23);
insert into staff_fi (id, rol, desde, hasta, personaId) values (10, 'COORDINADOR', '2016-04-20', '2019-04-20', 115);
insert into staff_fi (id, rol, desde, hasta, personaId) values (11, 'COORDINADOR', '2016-04-20', '2019-04-20', 161);
insert into staff_fi (id, rol, desde, hasta, personaId) values (12, 'COORDINADOR', '2016-04-20', '2019-04-20', 159);
insert into staff_fi (id, rol, desde, hasta, personaId) values (13, 'COORDINADOR', '2016-04-20', '2019-04-20', 158);
insert into staff_fi (id, rol, desde, hasta, personaId) values (14, 'COORDINADOR', '2016-04-20', '2019-04-20', 41);
insert into staff_fi (id, rol, desde, hasta, personaId) values (15, 'COORDINADOR', '2016-04-20', '2019-04-20', 93);
insert into staff_fi (id, rol, desde, hasta, personaId) values (16, 'COORDINADOR', '2016-04-20', '2019-04-20', 74);
insert into staff_fi (id, rol, desde, hasta, personaId) values (17, 'COORDINADOR', '2016-04-20', '2019-04-20', 74);
insert into staff_fi (id, rol, desde, hasta, personaId) values (18, 'COORDINADOR', '2016-04-20', '2019-04-20', 35);
insert into staff_fi (id, rol, desde, hasta, personaId) values (19, 'COORDINADOR', '2016-04-20', '2019-04-20', 168);
insert into staff_fi (id, rol, desde, hasta, personaId) values (20, 'INVESTIGADOR', '2016-04-20', '2019-04-20', 11);
insert into staff_fi (id, rol, desde, hasta, personaId) values (21, 'INVESTIGADOR', '2016-04-20', '2019-04-20', 121);
insert into staff_fi (id, rol, desde, hasta, personaId) values (22, 'INVESTIGADOR', '2016-04-20', '2019-04-20', 18);
insert into staff_fi (id, rol, desde, hasta, personaId) values (23, 'INVESTIGADOR', '2016-04-20', '2019-04-20', 62);
insert into staff_fi (id, rol, desde, hasta, personaId) values (24, 'INVESTIGADOR', '2016-04-20', '2019-04-20', 103);
insert into staff_fi (id, rol, desde, hasta, personaId) values (25, 'INVESTIGADOR', '2016-04-20', '2019-04-20', 78);
insert into staff_fi (id, rol, desde, hasta, personaId) values (26, 'INVESTIGADOR', '2016-04-20', '2019-04-20', 134);
insert into staff_fi (id, rol, desde, hasta, personaId) values (27, 'INVESTIGADOR', '2016-04-20', '2019-04-20', 168);
insert into staff_fi (id, rol, desde, hasta, personaId) values (28, 'INVESTIGADOR', '2016-04-20', '2019-04-20', 61);
insert into staff_fi (id, rol, desde, hasta, personaId) values (29, 'INVESTIGADOR', '2016-04-20', '2019-04-20', 193);
insert into staff_fi (id, rol, desde, hasta, personaId) values (30, 'JTP', '2016-04-20', '2019-04-20', 92);
insert into staff_fi (id, rol, desde, hasta, personaId) values (31, 'JTP', '2016-04-20', '2019-04-20', 160);
insert into staff_fi (id, rol, desde, hasta, personaId) values (32, 'JTP', '2016-04-20', '2019-04-20', 14);
insert into staff_fi (id, rol, desde, hasta, personaId) values (33, 'JTP', '2016-04-20', '2019-04-20', 173);
insert into staff_fi (id, rol, desde, hasta, personaId) values (34, 'JTP', '2016-04-20', '2019-04-20', 191);
insert into staff_fi (id, rol, desde, hasta, personaId) values (35, 'JTP', '2016-04-20', '2019-04-20', 49);
insert into staff_fi (id, rol, desde, hasta, personaId) values (36, 'JTP', '2016-04-20', '2019-04-20', 120);
insert into staff_fi (id, rol, desde, hasta, personaId) values (37, 'JTP', '2016-04-20', '2019-04-20', 169);
insert into staff_fi (id, rol, desde, hasta, personaId) values (38, 'JTP', '2016-04-20', '2019-04-20', 35);
insert into staff_fi (id, rol, desde, hasta, personaId) values (39, 'JTP', '2016-04-20', '2019-04-20', 7);
insert into staff_fi (id, rol, desde, hasta, personaId) values (40, 'AUXILIAR', '2016-04-20', '2019-04-20', 167);
insert into staff_fi (id, rol, desde, hasta, personaId) values (41, 'AUXILIAR', '2016-04-20', '2019-04-20', 96);
insert into staff_fi (id, rol, desde, hasta, personaId) values (42, 'AUXILIAR', '2016-04-20', '2019-04-20', 112);
insert into staff_fi (id, rol, desde, hasta, personaId) values (43, 'AUXILIAR', '2016-04-20', '2019-04-20', 190);
insert into staff_fi (id, rol, desde, hasta, personaId) values (44, 'AUXILIAR', '2016-04-20', '2019-04-20', 122);
insert into staff_fi (id, rol, desde, hasta, personaId) values (45, 'AUXILIAR', '2016-04-20', '2019-04-20', 167);
insert into staff_fi (id, rol, desde, hasta, personaId) values (46, 'AUXILIAR', '2016-04-20', '2019-04-20', 88);
insert into staff_fi (id, rol, desde, hasta, personaId) values (47, 'AUXILIAR', '2016-04-20', '2019-04-20', 88);
insert into staff_fi (id, rol, desde, hasta, personaId) values (48, 'AUXILIAR', '2016-04-20', '2019-04-20', 126);
insert into staff_fi (id, rol, desde, hasta, personaId) values (49, 'AUXILIAR', '2016-04-20', '2019-04-20', 193);
insert into staff_fi (id, rol, desde, hasta, personaId) values (50, 'DELEGADO', '2016-04-20', '2019-04-20', 108);


INSERT INTO usuario(activo, nickname, password, personaId) select 1,nombre,nombre, idPersona from persona where idPersona =	7;
INSERT INTO usuario(activo, nickname, password, personaId) select 1,nombre,nombre, idPersona from persona where idPersona =	11;
INSERT INTO usuario(activo, nickname, password, personaId) select 1,nombre,nombre, idPersona from persona where idPersona =	14;
INSERT INTO usuario(activo, nickname, password, personaId) select 1,nombre,nombre, idPersona from persona where idPersona =	18;
INSERT INTO usuario(activo, nickname, password, personaId) select 1,nombre,nombre, idPersona from persona where idPersona =	23;
INSERT INTO usuario(activo, nickname, password, personaId) select 1,nombre,nombre, idPersona from persona where idPersona =	24;
INSERT INTO usuario(activo, nickname, password, personaId) select 1,nombre,nombre, idPersona from persona where idPersona =	35;
INSERT INTO usuario(activo, nickname, password, personaId) select 1,nombre,nombre, idPersona from persona where idPersona =	41;
INSERT INTO usuario(activo, nickname, password, personaId) select 1,nombre,nombre, idPersona from persona where idPersona =	49;
INSERT INTO usuario(activo, nickname, password, personaId) select 1,nombre,nombre, idPersona from persona where idPersona =	58;
INSERT INTO usuario(activo, nickname, password, personaId) select 1,nombre,nombre, idPersona from persona where idPersona =	61;
INSERT INTO usuario(activo, nickname, password, personaId) select 1,nombre,nombre, idPersona from persona where idPersona =	62;
INSERT INTO usuario(activo, nickname, password, personaId) select 1,nombre,nombre, idPersona from persona where idPersona =	74;
INSERT INTO usuario(activo, nickname, password, personaId) select 1,nombre,nombre, idPersona from persona where idPersona =	78;
INSERT INTO usuario(activo, nickname, password, personaId) select 1,nombre,nombre, idPersona from persona where idPersona =	79;
INSERT INTO usuario(activo, nickname, password, personaId) select 1,nombre,nombre, idPersona from persona where idPersona =	88;
INSERT INTO usuario(activo, nickname, password, personaId) select 1,nombre,nombre, idPersona from persona where idPersona =	92;
INSERT INTO usuario(activo, nickname, password, personaId) select 1,nombre,nombre, idPersona from persona where idPersona =	93;
INSERT INTO usuario(activo, nickname, password, personaId) select 1,nombre,nombre, idPersona from persona where idPersona =	96;
INSERT INTO usuario(activo, nickname, password, personaId) select 1,nombre,nombre, idPersona from persona where idPersona =	103;
INSERT INTO usuario(activo, nickname, password, personaId) select 1,nombre,nombre, idPersona from persona where idPersona =	108;
INSERT INTO usuario(activo, nickname, password, personaId) select 1,nombre,nombre, idPersona from persona where idPersona =	112;
INSERT INTO usuario(activo, nickname, password, personaId) select 1,nombre,nombre, idPersona from persona where idPersona =	115;
INSERT INTO usuario(activo, nickname, password, personaId) select 1,nombre,nombre, idPersona from persona where idPersona =	120;
INSERT INTO usuario(activo, nickname, password, personaId) select 1,nombre,nombre, idPersona from persona where idPersona =	121;
INSERT INTO usuario(activo, nickname, password, personaId) select 1,nombre,nombre, idPersona from persona where idPersona =	122;
INSERT INTO usuario(activo, nickname, password, personaId) select 1,nombre,nombre, idPersona from persona where idPersona =	126;
INSERT INTO usuario(activo, nickname, password, personaId) select 1,nombre,nombre, idPersona from persona where idPersona =	134;
INSERT INTO usuario(activo, nickname, password, personaId) select 1,nombre,nombre, idPersona from persona where idPersona =	137;
INSERT INTO usuario(activo, nickname, password, personaId) select 1,nombre,nombre, idPersona from persona where idPersona =	158;
INSERT INTO usuario(activo, nickname, password, personaId) select 1,nombre,nombre, idPersona from persona where idPersona =	159;
INSERT INTO usuario(activo, nickname, password, personaId) select 1,nombre,nombre, idPersona from persona where idPersona =	160;
INSERT INTO usuario(activo, nickname, password, personaId) select 1,nombre,nombre, idPersona from persona where idPersona =	161;
INSERT INTO usuario(activo, nickname, password, personaId) select 1,nombre,nombre, idPersona from persona where idPersona =	167;
INSERT INTO usuario(activo, nickname, password, personaId) select 1,nombre,nombre, idPersona from persona where idPersona =	168;
INSERT INTO usuario(activo, nickname, password, personaId) select 1,nombre,nombre, idPersona from persona where idPersona =	169;
INSERT INTO usuario(activo, nickname, password, personaId) select 1,nombre,nombre, idPersona from persona where idPersona =	173;
INSERT INTO usuario(activo, nickname, password, personaId) select 1,nombre,nombre, idPersona from persona where idPersona =	187;
INSERT INTO usuario(activo, nickname, password, personaId) select 1,nombre,nombre, idPersona from persona where idPersona =	190;
INSERT INTO usuario(activo, nickname, password, personaId) select 1,nombre,nombre, idPersona from persona where idPersona =	191;
INSERT INTO usuario(activo, nickname, password, personaId) select 1,nombre,nombre, idPersona from persona where idPersona =	192;
INSERT INTO usuario(activo, nickname, password, personaId) select 1,nombre,nombre, idPersona from persona where idPersona =	193;

insert into usuario (activo, nickname, password,personaId) 
select 1,nombre, nombre,idPersona 
	from persona 
	where idPersona not in (select personaId from usuario) 
		and idPersona not in (SELECT per1.idPersona
								FROM persona per1
								   INNER JOIN (SELECT per2.idPersona, per2.nombre
								               FROM   persona per2
								               GROUP  BY per2.nombre
								               HAVING COUNT(per2.nombre) > 1) dup
								           ON per1.nombre = dup.nombre);

INSERT INTO proyecto (idProyecto, codigo, descripcion, detalle, estado,
fecha_fin, fecha_inicio, num_resolucion, tipo, titulo)
VALUES (1,1425,' ',' ',null ,'2017-03-01' ,'2017-09-01' ,null ,null ,'Sistema Monitoreo invernáculo'),
(2,9115,' ',' ',null ,'2017-03-01' ,'2017-09-01' ,null ,null ,'Sistema en Grid para cultivos'),
(3,8926,' ',' ',null ,'2017-03-01' ,'2017-09-01' ,null ,null ,'CORREL. GEOLÓGICAS Y PALEOMAG'),
(4,9537,' ',' ',null ,'2017-03-01' ,'2017-09-01' ,null ,null ,'PRODUCCION DE COLZA-CANOLA'),
(5,10418,' ',' ',null ,'2017-03-01' ,'2017-09-01' ,null ,null ,'DESARROLLO MODULOS CLIMATICOS'),
(6,9919,' ',' ',null ,'2017-03-01' ,'2017-09-01' ,null ,null ,'Plataforma para ACC'),
(7,8505,' ',' ',null ,'2017-03-01' ,'2017-09-01' ,null ,null ,'Ce-Bios'),
(8,9845,' ',' ',null ,'2017-03-01' ,'2017-09-01' ,null ,null ,'Arandu Recursos Biológicos'),
(9,10692,' ',' ',null ,'2017-03-01' ,'2017-09-01' ,null ,null ,'Predictor de CiberAtacantes'),
(10,11111,' ',' ',null ,'2017-03-01' ,'2017-09-01' ,null ,null ,'Monitoreo de ganado ovino'),
(11,10026,' ',' ',null ,'2017-03-01' ,'2017-09-01' ,null ,null ,'Edificios públicos eficientes'),
(12,9242,' ',' ',null ,'2017-03-01' ,'2017-09-01' ,null ,null ,'TIC EN LA AGROINDUSTRIA'),
(13,9349,' ',' ',null ,'2017-03-01' ,'2017-09-01' ,null ,null ,'Optimización Valor reciclado'),
(14,9313,' ',' ',null ,'2017-03-01' ,'2017-09-01' ,null ,null ,'Resiliencia Urbana'),
(15,10101,' ',' ',null ,'2017-03-01' ,'2017-09-01' ,null ,null ,'Construyendo ciudadanía'),
(16,9264,' ',' ',null ,'2017-03-01' ,'2017-09-01' ,null ,null ,'Moda y cuerpos disidentes'),
(17,10505,' ',' ',null ,'2017-03-01' ,'2017-09-01' ,null ,null ,'SUSTENTABILIDAD Y TABACO'),
(18,9423,' ',' ',null ,'2017-03-01' ,'2017-09-01' ,null ,null ,'Sistema de riego en Azampay'),
(19,10750,' ',' ',null ,'2017-03-01' ,'2017-09-01' ,null ,null ,'Energía renovable con biomasa'),
(20,9376,' ',' ',null ,'2017-03-01' ,'2017-09-01' ,null ,null ,'Alperujos y calidad de carne'),
(21,9755,' ',' ',null ,'2017-03-01' ,'2017-09-01' ,null ,null ,'Colágeno para usos biomédicos'),
(22,10240,' ',' ',null ,'2017-03-01' ,'2017-09-01' ,null ,null ,'APROVECHAMIENTO DE LACTOSUERO'),
(23,9097,' ',' ',null ,'2019-06-01' ,'2019-09-01' ,null ,null ,'OpenSIG de Suelos de Córdoba'),
(24,11175,' ',' ',null ,'2018-05-01' ,'2018-09-01' ,null ,null ,'Nutracéuticos innovadores'),
(25,11006,' ',' ',null ,'2018-04-01' ,'2018-09-01' ,null ,null ,'SIEECObservatorio emprendedor'),
(26,9627,' ',' ',null ,'2018-03-01' ,'2018-09-01' ,null ,null ,'Sistema para cultivo orienta');


INSERT INTO sub_proyecto(Id, descripcion, detalle, titulo, proyectoId)
VALUES (1,' ',' ','Sistema Monitoreo invernáculo',1),
(2,' ',' ','Sistema en Grid para cultivos',2),
(3,' ',' ','CORREL. GEOLÓGICAS Y PALEOMAG',3),
(4,' ',' ','PRODUCCION DE COLZA-CANOLA',4),
(5,' ',' ','DESARROLLO MODULOS CLIMATICOS',5),
(6,' ',' ','Plataforma para ACC',6),
(7,' ',' ','Ce-Bios',7),
(8,' ',' ','Arandu Recursos Biológicos',8),
(9,' ',' ','Predictor de CiberAtacantes',9),
(10,' ',' ','Monitoreo de ganado ovino',10),
(11,' ',' ','Edificios públicos eficientes',11),
(12,' ',' ','TIC EN LA AGROINDUSTRIA',12),
(13,' ',' ','Optimización Valor reciclado',13),
(14,' ',' ','Resiliencia Urbana',14),
(15,' ',' ','Construyendo ciudadanía',15),
(16,' ',' ','Moda y cuerpos disidentes',16),
(17,' ',' ','SUSTENTABILIDAD Y TABACO',17),
(18,' ',' ','Sistema de riego en Azampay',18),
(19,' ',' ','Energía renovable con biomasa',19),
(20,' ',' ','Alperujos y calidad de carne',20),
(21,' ',' ','Colágeno para usos biomédicos',21),
(22,' ',' ','APROVECHAMIENTO DE LACTOSUERO',22),
(23,' ',' ','OpenSIG de Suelos de Córdoba',23),
(24,' ',' ','Nutracéuticos innovadores',24),
(25,' ',' ','SIEECObservatorio emprendedor',25),
(26,' ',' ','Sistema para cultivo orienta',26),
(27,' ',' ','Sistema Monitoreo invernáculo parte dos',1),
(28,' ',' ','Sistema de riego en Azampay parte dos',18);

INSERT INTO isfpp(id, detalle, estado, fecha_fin, fecha_inicio, objetivos, titulo, subProyectoId)
VALUES (2,' ','GENERADA','2018-12-12','2018-02-12','','Sistema en Grid para cultivos',2),
(3,' ','RECHAZADA','2018-12-12','2018-03-12','','CORREL. GEOLÓGICAS Y PALEOMAG',3),
(4,' ','CONCLUIDA','2018-12-12','2018-01-12','','PRODUCCION DE COLZA-CANOLA',4),
(5,' ','SUSPENDIDA','2018-12-12','2018-01-12','','DESARROLLO MODULOS CLIMATICOS',5),
(6,' ','ACTIVA','2018-12-12','2018-01-12','','Plataforma para ACC',6),
(7,' ','ACTIVA','2018-12-12','2018-03-12','','Ce-Bios',7),
(8,' ','ACTIVA','2018-12-12','2018-04-12','','Arandu Recursos Biológicos',8),
(9,' ','SUSPENDIDA','2018-12-12','2018-05-12','','Predictor de CiberAtacantes',9),
(10,' ','SUSPENDIDA','2018-12-12','2018-08-12','','Monitoreo de ganado ovino',10),
(11,' ','GENERADA','2018-12-12','2018-01-12','','Edificios públicos eficientes',11),
(12,' ','ACTIVA','2018-12-12','2018-02-12','','TIC EN LA AGROINDUSTRIA',12),
(13,' ','SUSPENDIDA','2018-12-12','2018-02-12','','Optimización Valor reciclado',13),
(14,' ','ACTIVA','2018-12-12','2018-07-12','','Resiliencia Urbana',14),
(15,' ','CONCLUIDA','2018-12-12','2018-09-12','','Construyendo ciudadanía',15),
(16,' ','ACTIVA','2018-12-12','2018-03-12','','Moda y cuerpos disidentes',16),
(17,' ','ACTIVA','2018-12-12','2018-02-12','','SUSTENTABILIDAD Y TABACO',17),
(18,' ','GENERADA','2018-12-12','2018-04-12','','Sistema de riego en Azampay',18),
(19,' ','GENERADA','2018-12-12','2018-03-12','','Energía renovable con biomasa',19),
(20,' ','SUSPENDIDA','2018-12-12','2018-05-12','','Alperujos y calidad de carne',20),
(21,' ','ACTIVA','2018-12-12','2018-09-12','','Colágeno para usos biomédicos',21),
(22,' ','CONCLUIDA','2018-12-12','2018-01-12','','APROVECHAMIENTO DE LACTOSUERO',22),
(23,' ','GENERADA','2018-12-12','2018-02-12','','OpenSIG de Suelos de Córdoba',23),
(24,' ','SUSPENDIDA','2018-12-12','2018-05-12','','Nutracéuticos innovadores',24),
(25,' ','ACTIVA','2018-12-12','2018-04-12','','SIEECObservatorio emprendedor',25),
(26,' ','GENERADA','2018-12-12','2018-03-12','','Sistema para cultivo orienta',26),
(28,' ','SUSPENDIDA','2018-12-12','2018-01-12','','Sistema de riego en Azampay parte dos',18);
